num,,name,sel,nonStandard,counted,plainMODA,curvIndex,curvMODA
1,35,lys,bovine_LPL.a/^K35,0,1,0,0.398962,0
2,36,asp,bovine_LPL.a/^D36,0,1,0,0.579113,0
3,37,phe,bovine_LPL.a/^F37,0,1,0,0.279692,0
4,38,arg,bovine_LPL.a/^R38,0,1,14.2347,0.512735,7.29864
5,39,asp,bovine_LPL.a/^D39,0,1,0,0.37389,0
6,40,ile,bovine_LPL.a/^I40,0,1,0,0.092013,0
7,41,glu,bovine_LPL.a/^E41,0,1,0,0.0369259,0
8,42,ser,bovine_LPL.a/^S42,0,1,0,-0.153806,0
9,43,lys,bovine_LPL.a/^K43,0,1,0,-0.0826184,0
10,44,phe,bovine_LPL.a/^F44,0,0,0,-0.148196,0
11,45,ala,bovine_LPL.a/^A45,0,0,0,-0.0767759,0
12,46,leu,bovine_LPL.a/^L46,0,0,0,0.000352155,0
13,47,arg,bovine_LPL.a/^R47,0,0,0,-0.0174271,0
14,48,thr,bovine_LPL.a/^T48,0,1,0,0.214457,0
15,49,pro,bovine_LPL.a/^P49,0,1,0,0.220236,0
16,50,glu,bovine_LPL.a/^E50,0,1,0,0.373984,0
17,51,asp,bovine_LPL.a/^D51,0,1,0,0.263889,0
18,52,thr,bovine_LPL.a/^T52,0,1,0,0.0416528,0
19,53,ala,bovine_LPL.a/^A53,0,1,0,0.112487,0
20,54,glu,bovine_LPL.a/^E54,0,1,0,0.195705,0
21,55,asp,bovine_LPL.a/^D55,0,1,0,0.00883384,0
22,56,thr,bovine_LPL.a/^T56,0,1,0,0.241212,0
23,57,cyss,bovine_LPL.a/^C57,0,1,0,0.171575,0
24,58,his,bovine_LPL.a/^H58,0,1,0,0.0456429,0
25,59,leu,bovine_LPL.a/^L59,0,0,0,-0.016802,0
26,60,ile,bovine_LPL.a/^I60,0,1,0,0.145211,0
27,61,pro,bovine_LPL.a/^P61,0,1,0,0.0933717,0
28,62,gly,bovine_LPL.a/^G62,0,1,0,0.27507,0
29,63,val,bovine_LPL.a/^V63,0,1,0,0.277671,0
30,64,thr,bovine_LPL.a/^T64,0,1,0,0.323042,0
31,65,glu,bovine_LPL.a/^E65,0,1,0,0.395601,0
32,66,ser,bovine_LPL.a/^S66,0,1,0,0.196557,0
33,67,val,bovine_LPL.a/^V67,0,1,0,0.167731,0
34,68,ala,bovine_LPL.a/^A68,0,1,0,0.36229,0
35,69,asn,bovine_LPL.a/^N69,0,1,0,0.34126,0
36,70,cyss,bovine_LPL.a/^C70,0,1,0,0.157556,0
37,71,his,bovine_LPL.a/^H71,0,1,0,0.313761,0
38,72,phe,bovine_LPL.a/^F72,0,1,0,0.111674,0
39,73,asn,bovine_LPL.a/^N73,0,1,0,0.211362,0
40,74,his,bovine_LPL.a/^H74,0,1,0,0.224041,0
41,75,ser,bovine_LPL.a/^S75,0,1,0,0.302879,0
42,76,ser,bovine_LPL.a/^S76,0,1,0,0.126701,0
43,77,lys,bovine_LPL.a/^K77,0,1,0,-0.0826204,0
44,78,thr,bovine_LPL.a/^T78,0,0,0,-0.156643,0
45,79,phe,bovine_LPL.a/^F79,0,0,0,-0.263974,0
46,80,val,bovine_LPL.a/^V80,0,0,0,-0.326449,0
47,81,val,bovine_LPL.a/^V81,0,0,0,-0.32994,0
48,82,ile,bovine_LPL.a/^I82,0,0,0,-0.366325,0
49,83,his,bovine_LPL.a/^H83,0,0,0,-0.265738,0
50,84,gly,bovine_LPL.a/^G84,0,0,0,-0.265937,0
51,85,trp,bovine_LPL.a/^W85,0,1,129.962,-0.110671,-14.383
52,86,thr,bovine_LPL.a/^T86,0,0,0,0.00830972,0
53,87,val,bovine_LPL.a/^V87,0,1,8.77039,0.253928,2.22705
54,88,thr,bovine_LPL.a/^T88,0,1,0,0.283001,0
55,89,gly,bovine_LPL.a/^G89,0,1,0,0.12966,0
56,90,met,bovine_LPL.a/^M90,0,1,0,0.16069,0
57,91,tyr,bovine_LPL.a/^Y91,0,1,0,-0.0589223,0
58,92,glu,bovine_LPL.a/^E92,0,1,0,-0.0748544,0
59,93,ser,bovine_LPL.a/^S93,0,1,0,0.0392568,0
60,94,trp,bovine_LPL.a/^W94,0,0,0,-0.212742,0
61,95,val,bovine_LPL.a/^V95,0,0,0,-0.186196,0
62,96,pro,bovine_LPL.a/^P96,0,1,0,-0.046903,0
63,97,lys,bovine_LPL.a/^K97,0,1,0,-0.149938,0
64,98,leu,bovine_LPL.a/^L98,0,0,0,-0.278119,0
65,99,val,bovine_LPL.a/^V99,0,0,0,-0.133308,0
66,100,ala,bovine_LPL.a/^A100,0,1,0,-0.0320959,0
67,101,ala,bovine_LPL.a/^A101,0,1,0,-0.152057,0
68,102,leu,bovine_LPL.a/^L102,0,0,0,-0.17564,0
69,103,tyr,bovine_LPL.a/^Y103,0,1,0,0.0468618,0
70,104,lys,bovine_LPL.a/^K104,0,1,0,0.0537225,0
71,105,arg,bovine_LPL.a/^R105,0,1,0,-0.0440389,0
72,106,glu,bovine_LPL.a/^E106,0,1,0,-0.0103236,0
73,107,pro,bovine_LPL.a/^P107,0,1,0,0.238597,0
74,108,asp,bovine_LPL.a/^D108,0,1,0,0.24843,0
75,109,ser,bovine_LPL.a/^S109,0,1,0,-0.0227177,0
76,110,asn,bovine_LPL.a/^N110,0,0,0,-0.0415194,0
77,111,val,bovine_LPL.a/^V111,0,0,0,-0.145001,0
78,112,ile,bovine_LPL.a/^I112,0,0,0,-0.216564,0
79,113,val,bovine_LPL.a/^V113,0,0,0,-0.210659,0
80,114,val,bovine_LPL.a/^V114,0,0,0,-0.290771,0
81,115,asp,bovine_LPL.a/^D115,0,1,0,-0.140891,0
82,116,trp,bovine_LPL.a/^W116,0,0,0,-0.190388,0
83,117,leu,bovine_LPL.a/^L117,0,1,0,-0.0397892,0
84,118,ser,bovine_LPL.a/^S118,0,1,0,0.0200967,0
85,119,arg,bovine_LPL.a/^R119,0,1,0,-0.068223,0
86,120,ala,bovine_LPL.a/^A120,0,0,0,-0.105094,0
87,121,gln,bovine_LPL.a/^Q121,0,1,0,0.116045,0
88,122,gln,bovine_LPL.a/^Q122,0,1,0,0.122917,0
89,123,his,bovine_LPL.a/^H123,0,1,131.405,0.253051,33.2523
90,124,tyr,bovine_LPL.a/^Y124,0,1,261.717,0.0639865,16.7464
91,125,pro,bovine_LPL.a/^P125,0,1,28.8815,0.138287,3.99395
92,126,val,bovine_LPL.a/^V126,0,1,0,0.137089,0
93,127,ser,bovine_LPL.a/^S127,0,0,0,-0.0344023,0
94,128,ala,bovine_LPL.a/^A128,0,1,0,-0.0628363,0
95,129,gly,bovine_LPL.a/^G129,0,1,70.0367,-0.0315511,-2.20974
96,130,tyr,bovine_LPL.a/^Y130,0,1,0,-0.0757915,0
97,131,thr,bovine_LPL.a/^T131,0,0,0,-0.204641,0
98,132,lys,bovine_LPL.a/^K132,0,1,29.0389,-0.0852104,-2.47442
99,133,leu,bovine_LPL.a/^L133,0,1,19.0278,-0.0568092,-1.08095
100,134,val,bovine_LPL.a/^V134,0,0,0,-0.216989,0
101,135,gly,bovine_LPL.a/^G135,0,0,0,-0.224405,0
102,136,gln,bovine_LPL.a/^Q136,0,1,27.1851,-0.0614988,-1.67185
103,137,asp,bovine_LPL.a/^D137,0,0,0,-0.106823,0
104,138,val,bovine_LPL.a/^V138,0,0,0,-0.259903,0
105,139,ala,bovine_LPL.a/^A139,0,1,0,-0.136294,0
106,140,lys,bovine_LPL.a/^K140,0,1,0,0.035977,0
107,141,phe,bovine_LPL.a/^F141,0,0,0,-0.107671,0
108,142,met,bovine_LPL.a/^M142,0,0,0,-0.15154,0
109,143,asn,bovine_LPL.a/^N143,0,1,0,0.0466089,0
110,144,trp,bovine_LPL.a/^W144,0,1,0,0.104425,0
111,145,met,bovine_LPL.a/^M145,0,0,0,-0.00998375,0
112,146,ala,bovine_LPL.a/^A146,0,1,0,0.0755849,0
113,147,asp,bovine_LPL.a/^D147,0,1,0,0.235723,0
114,148,glu,bovine_LPL.a/^E148,0,1,0,0.230215,0
115,149,phe,bovine_LPL.a/^F149,0,1,0,0.18777,0
116,150,asn,bovine_LPL.a/^N150,0,1,0,0.285092,0
117,151,tyr,bovine_LPL.a/^Y151,0,1,0,0.0655763,0
118,152,pro,bovine_LPL.a/^P152,0,1,0,0.0764886,0
119,153,leu,bovine_LPL.a/^L153,0,1,0,-0.060324,0
120,154,gly,bovine_LPL.a/^G154,0,1,0,-0.0742274,0
121,155,asn,bovine_LPL.a/^N155,0,1,0,-0.0486644,0
122,156,val,bovine_LPL.a/^V156,0,0,0,-0.211956,0
123,157,his,bovine_LPL.a/^H157,0,0,0,-0.301544,0
124,158,leu,bovine_LPL.a/^L158,0,0,0,-0.361101,0
125,159,leu,bovine_LPL.a/^L159,0,0,0,-0.39485,0
126,160,gly,bovine_LPL.a/^G160,0,0,0,-0.405947,0
127,161,tyr,bovine_LPL.a/^Y161,0,0,0,-0.370961,0
128,162,ser,bovine_LPL.a/^S162,0,0,0,-0.299994,0
129,163,leu,bovine_LPL.a/^L163,0,0,0,-0.246148,0
130,164,gly,bovine_LPL.a/^G164,0,0,0,-0.34936,0
131,165,ala,bovine_LPL.a/^A165,0,0,0,-0.374769,0
132,166,his,bovine_LPL.a/^H166,0,0,0,-0.259526,0
133,167,ala,bovine_LPL.a/^A167,0,0,0,-0.300777,0
134,168,ala,bovine_LPL.a/^A168,0,0,0,-0.367799,0
135,169,gly,bovine_LPL.a/^G169,0,0,0,-0.276859,0
136,170,ile,bovine_LPL.a/^I170,0,0,0,-0.198456,0
137,171,ala,bovine_LPL.a/^A171,0,0,0,-0.267302,0
138,172,gly,bovine_LPL.a/^G172,0,1,0,-0.220437,0
139,173,ser,bovine_LPL.a/^S173,0,1,0,-0.112003,0
140,174,leu,bovine_LPL.a/^L174,0,1,0,-0.0970823,0
141,175,thr,bovine_LPL.a/^T175,0,1,0,-0.107109,0
142,176,asn,bovine_LPL.a/^N176,0,1,0,0.104206,0
143,177,lys,bovine_LPL.a/^K177,0,1,0,0.0559738,0
144,178,lys,bovine_LPL.a/^K178,0,1,0,-0.072454,0
145,179,val,bovine_LPL.a/^V179,0,0,0,-0.219355,0
146,180,asn,bovine_LPL.a/^N180,0,1,0,-0.191137,0
147,181,arg,bovine_LPL.a/^R181,0,0,0,-0.288482,0
148,182,ile,bovine_LPL.a/^I182,0,0,0,-0.337621,0
149,183,thr,bovine_LPL.a/^T183,0,0,0,-0.394914,0
150,184,gly,bovine_LPL.a/^G184,0,0,0,-0.402122,0
151,185,leu,bovine_LPL.a/^L185,0,0,0,-0.409339,0
152,186,asp,bovine_LPL.a/^D186,0,0,0,-0.345809,0
153,187,pro,bovine_LPL.a/^P187,0,0,0,-0.327588,0
154,188,ala,bovine_LPL.a/^A188,0,0,0,-0.223688,0
155,189,gly,bovine_LPL.a/^G189,0,0,0,-0.102747,0
156,190,pro,bovine_LPL.a/^P190,0,1,179.553,0.0297717,5.3456
157,191,asn,bovine_LPL.a/^N191,0,1,5.99283,0.0237744,0.142476
158,192,phe,bovine_LPL.a/^F192,0,1,0,-0.110634,0
159,193,glu,bovine_LPL.a/^E193,0,1,0,0.0618922,0
160,194,tyr,bovine_LPL.a/^Y194,0,1,5.52244,0.22402,1.23714
161,195,ala,bovine_LPL.a/^A195,0,1,0,0.041747,0
162,196,glu,bovine_LPL.a/^E196,0,1,0,0.211467,0
163,197,ala,bovine_LPL.a/^A197,0,1,0,0.0579327,0
164,198,pro,bovine_LPL.a/^P198,0,1,0,0.0732591,0
165,199,ser,bovine_LPL.a/^S199,0,1,0,0.0195448,0
166,200,arg,bovine_LPL.a/^R200,0,1,0,-0.124059,0
167,201,leu,bovine_LPL.a/^L201,0,0,0,-0.283961,0
168,202,ser,bovine_LPL.a/^S202,0,1,0,-0.0988261,0
169,203,pro,bovine_LPL.a/^P203,0,1,0,-0.0464991,0
170,204,asp,bovine_LPL.a/^D204,0,1,0,-0.00797245,0
171,205,asp,bovine_LPL.a/^D205,0,1,0,-0.208137,0
172,206,ala,bovine_LPL.a/^A206,0,0,0,-0.227567,0
173,207,asp,bovine_LPL.a/^D207,0,1,0,-0.104249,0
174,208,phe,bovine_LPL.a/^F208,0,1,0,-0.1716,0
175,209,val,bovine_LPL.a/^V209,0,0,0,-0.24497,0
176,210,asp,bovine_LPL.a/^D210,0,0,0,-0.308073,0
177,211,val,bovine_LPL.a/^V211,0,0,0,-0.338362,0
178,212,leu,bovine_LPL.a/^L212,0,0,0,-0.392216,0
179,213,his,bovine_LPL.a/^H213,0,0,0,-0.300077,0
180,214,thr,bovine_LPL.a/^T214,0,0,0,-0.313528,0
181,215,phe,bovine_LPL.a/^F215,0,1,1323.91,-0.179445,-237.57
182,216,thr,bovine_LPL.a/^T216,0,1,0,-0.128118,0
183,217,arg,bovine_LPL.a/^R217,0,1,824.951,0.0610002,50.3222
184,218,gly,bovine_LPL.a/^G218,0,1,385.474,0.223771,86.2579
185,219,ser,bovine_LPL.a/^S219,0,1,318.957,0.402319,128.323
186,220,pro,bovine_LPL.a/^P220,0,1,71.0709,0.240412,17.0863
187,221,gly,bovine_LPL.a/^G221,0,1,20.8849,0.169861,3.54754
188,222,arg,bovine_LPL.a/^R222,0,1,504.653,0.283821,143.231
189,223,ser,bovine_LPL.a/^S223,0,1,0,0.0303989,0
190,224,ile,bovine_LPL.a/^I224,0,1,219.85,-0.0870208,-19.1315
191,225,gly,bovine_LPL.a/^G225,0,0,0,-0.204334,0
192,226,ile,bovine_LPL.a/^I226,0,0,0,-0.190586,0
193,227,gln,bovine_LPL.a/^Q227,0,1,0,-0.0215151,0
194,228,lys,bovine_LPL.a/^K228,0,1,0,-0.0442756,0
195,229,pro,bovine_LPL.a/^P229,0,1,0,-0.0985951,0
196,230,val,bovine_LPL.a/^V230,0,1,0,-0.214524,0
197,231,gly,bovine_LPL.a/^G231,0,1,0,-0.19825,0
198,232,his,bovine_LPL.a/^H232,0,1,0,-0.0601239,0
199,233,val,bovine_LPL.a/^V233,0,0,0,-0.1596,0
200,234,asp,bovine_LPL.a/^D234,0,0,0,-0.214679,0
201,235,ile,bovine_LPL.a/^I235,0,0,0,-0.319628,0
202,236,tyr,bovine_LPL.a/^Y236,0,0,0,-0.253903,0
203,237,pro,bovine_LPL.a/^P237,0,0,0,-0.324014,0
204,238,asn,bovine_LPL.a/^N238,0,1,0,-0.229907,0
205,239,gly,bovine_LPL.a/^G239,0,1,0,-0.196826,0
206,240,gly,bovine_LPL.a/^G240,0,0,0,-0.236064,0
207,241,thr,bovine_LPL.a/^T241,0,1,0,-0.0549384,0
208,242,phe,bovine_LPL.a/^F242,0,1,0,-0.0287581,0
209,243,gln,bovine_LPL.a/^Q243,0,1,0,-0.167478,0
210,244,pro,bovine_LPL.a/^P244,0,1,0,-0.0600875,0
211,245,gly,bovine_LPL.a/^G245,0,1,0,0.161989,0
212,246,cyss,bovine_LPL.a/^C246,0,1,0,0.0724738,0
213,247,asn,bovine_LPL.a/^N247,0,1,154.839,0.282109,43.6814
214,248,ile,bovine_LPL.a/^I248,0,1,1149.84,0.512611,589.421
215,249,gly,bovine_LPL.a/^G249,0,1,319.102,0.59647,190.335
216,250,glu,bovine_LPL.a/^E250,0,1,29.1246,0.455721,13.2727
217,251,ala,bovine_LPL.a/^A251,0,1,0,0.527704,0
218,252,leu,bovine_LPL.a/^L252,0,1,974.958,0.741782,723.207
219,253,arg,bovine_LPL.a/^R253,0,1,9.60349,0.733592,7.04505
220,254,val,bovine_LPL.a/^V254,0,1,0,0.668638,0
221,255,ile,bovine_LPL.a/^I255,0,1,727.976,0.798686,581.424
222,256,ala,bovine_LPL.a/^A256,0,1,30.6011,0.899856,27.5366
223,257,glu,bovine_LPL.a/^E257,0,1,0,0.890393,0
224,258,arg,bovine_LPL.a/^R258,0,1,0,0.85773,0
225,259,gly,bovine_LPL.a/^G259,0,1,21.5034,0.925234,19.8957
226,260,leu,bovine_LPL.a/^L260,0,1,506.044,0.882423,446.545
227,261,gly,bovine_LPL.a/^G261,0,1,98.508,0.818296,80.6087
228,262,asp,bovine_LPL.a/^D262,0,1,0,0.630093,0
229,263,val,bovine_LPL.a/^V263,0,1,512.649,0.623669,319.723
230,264,asp,bovine_LPL.a/^D264,0,1,134.002,0.368971,49.4427
231,265,gln,bovine_LPL.a/^Q265,0,1,0,0.33923,0
232,266,leu,bovine_LPL.a/^L266,0,0,0,0.430526,0
233,267,val,bovine_LPL.a/^V267,0,1,874.891,0.210982,184.586
234,268,lys,bovine_LPL.a/^K268,0,0,0,-0.00520142,0
235,269,cyss,bovine_LPL.a/^C269,0,0,0,0.0786853,0
236,270,ser,bovine_LPL.a/^S270,0,0,0,-0.117404,0
237,271,his,bovine_LPL.a/^H271,0,0,0,-0.208467,0
238,272,glu,bovine_LPL.a/^E272,0,0,0,-0.192993,0
239,273,arg,bovine_LPL.a/^R273,0,0,0,-0.243548,0
240,274,ser,bovine_LPL.a/^S274,0,0,0,-0.377716,0
241,275,val,bovine_LPL.a/^V275,0,0,0,-0.331345,0
242,276,his,bovine_LPL.a/^H276,0,1,0,-0.225245,0
243,277,leu,bovine_LPL.a/^L277,0,0,0,-0.320454,0
244,278,phe,bovine_LPL.a/^F278,0,0,0,-0.354541,0
245,279,ile,bovine_LPL.a/^I279,0,1,0,-0.229825,0
246,280,asp,bovine_LPL.a/^D280,0,1,0,-0.172339,0
247,281,ser,bovine_LPL.a/^S281,0,0,0,-0.233615,0
248,282,leu,bovine_LPL.a/^L282,0,0,0,-0.162036,0
249,283,leu,bovine_LPL.a/^L283,0,1,0,-0.0329654,0
250,284,asn,bovine_LPL.a/^N284,0,1,0,0.017292,0
251,285,glu,bovine_LPL.a/^E285,0,1,0,0.102186,0
252,286,glu,bovine_LPL.a/^E286,0,1,0,0.265886,0
253,287,asn,bovine_LPL.a/^N287,0,1,0,0.10108,0
254,288,pro,bovine_LPL.a/^P288,0,1,0,-0.108364,0
255,289,ser,bovine_LPL.a/^S289,0,0,0,-0.231078,0
256,290,lys,bovine_LPL.a/^K290,0,1,0,-0.195313,0
257,291,ala,bovine_LPL.a/^A291,0,0,0,-0.259954,0
258,292,tyr,bovine_LPL.a/^Y292,0,0,0,-0.16473,0
259,293,arg,bovine_LPL.a/^R293,0,1,89.0019,0.030672,2.72987
260,294,cyss,bovine_LPL.a/^C294,0,1,0,-0.054671,0
261,295,asn,bovine_LPL.a/^N295,0,1,31.7382,0.152373,4.83603
262,296,ser,bovine_LPL.a/^S296,0,1,0,0.0828557,0
263,297,lys,bovine_LPL.a/^K297,0,1,0,-0.0818077,0
264,298,glu,bovine_LPL.a/^E298,0,1,0,0.0845793,0
265,299,ala,bovine_LPL.a/^A299,0,1,0,0.0333952,0
266,300,phe,bovine_LPL.a/^F300,0,0,0,-0.143623,0
267,301,glu,bovine_LPL.a/^E301,0,1,0,-0.0942951,0
268,302,lys,bovine_LPL.a/^K302,0,1,0,-0.0527876,0
269,303,gly,bovine_LPL.a/^G303,0,0,0,-0.178634,0
270,304,leu,bovine_LPL.a/^L304,0,1,0,-0.050194,0
271,305,cyss,bovine_LPL.a/^C305,0,1,0,-0.0832327,0
272,306,leu,bovine_LPL.a/^L306,0,0,0,-0.153436,0
273,307,ser,bovine_LPL.a/^S307,0,1,152.891,0.114349,17.4829
274,308,cyss,bovine_LPL.a/^C308,0,1,0,0.148179,0
275,309,arg,bovine_LPL.a/^R309,0,1,210.753,0.452503,95.3665
276,310,lys,bovine_LPL.a/^K310,0,1,257.422,0.535633,137.884
277,311,asn,bovine_LPL.a/^N311,0,1,0,0.254824,0
278,312,arg,bovine_LPL.a/^R312,0,1,174.395,0.162806,28.3926
279,313,cyss,bovine_LPL.a/^C313,0,1,0,-0.0463127,0
280,314,asn,bovine_LPL.a/^N314,0,0,0,-0.114536,0
281,315,asn,bovine_LPL.a/^N315,0,1,0,-0.177223,0
282,316,met,bovine_LPL.a/^M316,0,0,0,-0.306672,0
283,317,gly,bovine_LPL.a/^G317,0,0,0,-0.31568,0
284,318,tyr,bovine_LPL.a/^Y318,0,1,0,-0.227243,0
285,319,glu,bovine_LPL.a/^E319,0,1,0,-0.120201,0
286,320,ile,bovine_LPL.a/^I320,0,1,0,-0.233614,0
287,321,asn,bovine_LPL.a/^N321,0,1,0,0.00048933,0
288,322,lys,bovine_LPL.a/^K322,0,1,0,-0.0926611,0
289,323,val,bovine_LPL.a/^V323,0,1,0,0.137922,0
290,324,arg,bovine_LPL.a/^R324,0,1,0,0.165399,0
291,325,ala,bovine_LPL.a/^A325,0,1,0,0.315655,0
292,326,lys,bovine_LPL.a/^K326,0,1,0,0.586652,0
293,327,arg,bovine_LPL.a/^R327,0,1,14.4434,0.383982,5.54602
294,328,ser,bovine_LPL.a/^S328,0,1,0,0.0258269,0
295,329,ser,bovine_LPL.a/^S329,0,0,0,0.0586966,0
296,330,lys,bovine_LPL.a/^K330,0,1,0,-0.0656956,0
297,331,met,bovine_LPL.a/^M331,0,0,0,-0.184944,0
298,332,tyr,bovine_LPL.a/^Y332,0,1,0,-0.215664,0
299,333,leu,bovine_LPL.a/^L333,0,0,0,-0.298498,0
300,334,lys,bovine_LPL.a/^K334,0,1,0,-0.262155,0
301,335,thr,bovine_LPL.a/^T335,0,1,0,-0.233836,0
302,336,arg,bovine_LPL.a/^R336,0,1,0,-0.0659917,0
303,337,ser,bovine_LPL.a/^S337,0,1,0,0.0726744,0
304,338,gln,bovine_LPL.a/^Q338,0,1,0,0.089104,0
305,339,met,bovine_LPL.a/^M339,0,1,0,-0.0457231,0
306,340,pro,bovine_LPL.a/^P340,0,1,0,0.0136338,0
307,341,tyr,bovine_LPL.a/^Y341,0,1,0,-0.172107,0
308,342,lys,bovine_LPL.a/^K342,0,1,0,-0.0948347,0
309,343,val,bovine_LPL.a/^V343,0,0,0,-0.188451,0
310,344,phe,bovine_LPL.a/^F344,0,1,0,-0.14441,0
311,345,his,bovine_LPL.a/^H345,0,0,0,-0.256237,0
312,346,tyr,bovine_LPL.a/^Y346,0,0,0,-0.226082,0
313,347,gln,bovine_LPL.a/^Q347,0,1,0,-0.189662,0
314,348,val,bovine_LPL.a/^V348,0,0,0,-0.211072,0
315,349,lys,bovine_LPL.a/^K349,0,1,13.921,-0.111153,-1.54737
316,350,ile,bovine_LPL.a/^I350,0,0,0,-0.104654,0
317,351,his,bovine_LPL.a/^H351,0,1,0,0.0513584,0
318,352,phe,bovine_LPL.a/^F352,0,0,0,0.0908349,0
319,353,ser,bovine_LPL.a/^S353,0,1,0,0.245285,0
320,354,gly,bovine_LPL.a/^G354,0,1,0,0.39404,0
321,355,thr,bovine_LPL.a/^T355,0,1,0,0.629929,0
322,356,glu,bovine_LPL.a/^E356,0,1,0,0.647635,0
323,357,ser,bovine_LPL.a/^S357,0,1,0,0.623595,0
324,358,asn,bovine_LPL.a/^N358,0,1,0,0.448645,0
325,359,thr,bovine_LPL.a/^T359,0,1,0,0.392759,0
326,360,tyr,bovine_LPL.a/^Y360,0,1,7.02705,0.275376,1.93508
327,361,thr,bovine_LPL.a/^T361,0,1,0,0.374973,0
328,362,asn,bovine_LPL.a/^N362,0,1,0,0.336768,0
329,363,gln,bovine_LPL.a/^Q363,0,1,0,0.141544,0
330,364,ala,bovine_LPL.a/^A364,0,1,0,0.149364,0
331,365,phe,bovine_LPL.a/^F365,0,1,0,-0.064216,0
332,366,glu,bovine_LPL.a/^E366,0,1,0,-0.0314735,0
333,367,ile,bovine_LPL.a/^I367,0,0,0,-0.169383,0
334,368,ser,bovine_LPL.a/^S368,0,0,0,-0.0708423,0
335,369,leu,bovine_LPL.a/^L369,0,0,0,-0.109643,0
336,370,tyr,bovine_LPL.a/^Y370,0,1,0,0.00985396,0
337,371,gly,bovine_LPL.a/^G371,0,1,0,0.0819166,0
338,372,thr,bovine_LPL.a/^T372,0,1,0,0.236991,0
339,373,val,bovine_LPL.a/^V373,0,1,0,0.249745,0
340,374,ala,bovine_LPL.a/^A374,0,1,0,0.168191,0
341,375,glu,bovine_LPL.a/^E375,0,1,0,0.0659722,0
342,376,ser,bovine_LPL.a/^S376,0,1,0,-0.0419487,0
343,377,glu,bovine_LPL.a/^E377,0,1,0,0.0139181,0
344,378,asn,bovine_LPL.a/^N378,0,1,0,0.0200479,0
345,379,ile,bovine_LPL.a/^I379,0,1,0,-0.126106,0
346,380,pro,bovine_LPL.a/^P380,0,1,0,-0.00162984,0
347,381,phe,bovine_LPL.a/^F381,0,1,0,-0.119681,0
348,382,thr,bovine_LPL.a/^T382,0,1,0,0.0959451,0
349,383,leu,bovine_LPL.a/^L383,0,0,0,0.0366719,0
350,384,pro,bovine_LPL.a/^P384,0,1,0,0.230169,0
351,385,glu,bovine_LPL.a/^E385,0,1,0,0.24763,0
352,386,val,bovine_LPL.a/^V386,0,0,0,0.123811,0
353,387,ser,bovine_LPL.a/^S387,0,1,0,0.29996,0
354,388,thr,bovine_LPL.a/^T388,0,1,0,0.398595,0
355,389,asn,bovine_LPL.a/^N389,0,1,0,0.3575,0
356,390,lys,bovine_LPL.a/^K390,0,1,0,0.192152,0
357,391,thr,bovine_LPL.a/^T391,0,1,0,0.0287091,0
358,392,tyr,bovine_LPL.a/^Y392,0,1,0,-0.0252883,0
359,393,ser,bovine_LPL.a/^S393,0,1,0,-0.104578,0
360,394,phe,bovine_LPL.a/^F394,0,0,0,-0.151341,0
361,395,leu,bovine_LPL.a/^L395,0,0,0,-0.222383,0
362,396,leu,bovine_LPL.a/^L396,0,0,0,-0.237704,0
363,397,tyr,bovine_LPL.a/^Y397,0,1,0,-0.241446,0
364,398,thr,bovine_LPL.a/^T398,0,1,0,-0.123767,0
365,399,glu,bovine_LPL.a/^E399,0,1,0,-0.0274421,0
366,400,val,bovine_LPL.a/^V400,0,1,0,0.0313413,0
367,401,asp,bovine_LPL.a/^D401,0,1,0,0.113287,0
368,402,ile,bovine_LPL.a/^I402,0,1,0,0.0126154,0
369,403,gly,bovine_LPL.a/^G403,0,1,0,0.130627,0
370,404,glu,bovine_LPL.a/^E404,0,1,0,0.145708,0
371,405,leu,bovine_LPL.a/^L405,0,1,0,-0.0368668,0
372,406,leu,bovine_LPL.a/^L406,0,1,0,0.0671714,0
373,407,met,bovine_LPL.a/^M407,0,1,100.128,-0.00991262,-0.992536
374,408,leu,bovine_LPL.a/^L408,0,0,0,-0.119123,0
375,409,lys,bovine_LPL.a/^K409,0,1,0,-0.0686323,0
376,410,leu,bovine_LPL.a/^L410,0,0,0,-0.118764,0
377,411,lys,bovine_LPL.a/^K411,0,1,0,-0.00269848,0
378,412,trp,bovine_LPL.a/^W412,0,0,0,0.0581161,0
379,413,ile,bovine_LPL.a/^I413,0,1,0,0.172286,0
380,414,ser,bovine_LPL.a/^S414,0,1,58.7478,0.424906,24.9623
381,415,asp,bovine_LPL.a/^D415,0,1,154.829,0.555776,86.0504
382,416,ser,bovine_LPL.a/^S416,0,1,1051.01,0.680895,715.625
383,417,tyr,bovine_LPL.a/^Y417,0,1,2431.3,0.875163,2127.78
384,418,phe,bovine_LPL.a/^F418,0,1,5482.1,0.857295,4699.78
385,419,ser,bovine_LPL.a/^S419,0,1,270.809,0.581117,157.372
386,420,trp,bovine_LPL.a/^W420,0,1,2719.91,0.732556,1992.49
387,421,ser,bovine_LPL.a/^S421,0,1,1083.49,0.886305,960.306
388,422,asn,bovine_LPL.a/^N422,0,1,509.85,0.825008,420.631
389,423,trp,bovine_LPL.a/^W423,0,1,3896.26,0.955511,3722.92
390,424,trp,bovine_LPL.a/^W424,0,1,2880.82,0.799004,2301.79
391,425,ser,bovine_LPL.a/^S425,0,1,214.074,0.712521,152.532
392,426,ser,bovine_LPL.a/^S426,0,1,29.3752,0.471193,13.8414
393,427,pro,bovine_LPL.a/^P427,0,1,18.3908,0.352978,6.49154
394,428,gly,bovine_LPL.a/^G428,0,1,0,0.243871,0
395,429,phe,bovine_LPL.a/^F429,0,0,0,0.134419,0
396,430,asp,bovine_LPL.a/^D430,0,1,0,0.243691,0
397,431,ile,bovine_LPL.a/^I431,0,0,0,0.0173428,0
398,432,gly,bovine_LPL.a/^G432,0,1,0,0.130974,0
399,433,lys,bovine_LPL.a/^K433,0,1,0,0.0549812,0
400,434,ile,bovine_LPL.a/^I434,0,0,0,-0.106187,0
401,435,arg,bovine_LPL.a/^R435,0,1,53.013,-0.0526193,-2.7895
402,436,val,bovine_LPL.a/^V436,0,0,0,-0.139645,0
403,437,lys,bovine_LPL.a/^K437,0,0,0,-0.0947142,0
404,438,ala,bovine_LPL.a/^A438,0,0,0,-0.0964258,0
405,439,gly,bovine_LPL.a/^G439,0,0,0,-0.14863,0
406,440,glu,bovine_LPL.a/^E440,0,1,0,-0.107481,0
407,441,thr,bovine_LPL.a/^T441,0,1,0,0.0431507,0
408,442,gln,bovine_LPL.a/^Q442,0,1,0,0.161767,0
409,443,lys,bovine_LPL.a/^K443,0,1,0,0.0982672,0
410,444,lys,bovine_LPL.a/^K444,0,1,177.424,0.101253,17.9646
411,445,val,bovine_LPL.a/^V445,0,0,0,-0.000868331,0
412,446,ile,bovine_LPL.a/^I446,0,1,0,0.0675869,0
413,447,phe,bovine_LPL.a/^F447,0,0,0,-0.0423711,0
414,448,cyss,bovine_LPL.a/^C448,0,1,0,0.139956,0
415,449,ser,bovine_LPL.a/^S449,0,1,0,0.174694,0
416,450,arg,bovine_LPL.a/^R450,0,1,50.0995,0.253511,12.7008
417,451,glu,bovine_LPL.a/^E451,0,1,0,0.379228,0
418,452,lys,bovine_LPL.a/^K452,0,1,0,0.453908,0
419,453,met,bovine_LPL.a/^M453,0,1,0,0.277747,0
420,454,ser,bovine_LPL.a/^S454,0,1,0,0.100556,0
421,455,tyr,bovine_LPL.a/^Y455,0,1,0,0.227095,0
422,456,leu,bovine_LPL.a/^L456,0,0,0,0.0251184,0
423,457,gln,bovine_LPL.a/^Q457,0,1,0,0.253821,0
424,458,lys,bovine_LPL.a/^K458,0,1,20.6483,0.268163,5.53709
425,459,gly,bovine_LPL.a/^G459,0,1,1.43965,0.33809,0.486729
426,460,lys,bovine_LPL.a/^K460,0,1,0.447037,0.309246,0.138245
427,461,ser,bovine_LPL.a/^S461,0,1,1.13469,0.209415,0.237622
428,462,pro,bovine_LPL.a/^P462,0,1,0.449457,0.00614348,0.00276123
429,463,val,bovine_LPL.a/^V463,0,0,0,0.016024,0
430,464,ile,bovine_LPL.a/^I464,0,1,41.3019,0.0384082,1.58633
431,465,phe,bovine_LPL.a/^F465,0,0,0,-0.0305379,0
432,466,val,bovine_LPL.a/^V466,0,1,0,0.0811719,0
433,467,lys,bovine_LPL.a/^K467,0,1,0,0.055453,0
434,468,cyss,bovine_LPL.a/^C468,0,1,0,0.152346,0
435,469,his,bovine_LPL.a/^H469,0,1,0,0.189323,0
436,470,asp,bovine_LPL.a/^D470,0,1,0,0.196567,0
437,471,lys,bovine_LPL.a/^K471,0,1,155.924,0.321683,50.1581
438,472,ser,bovine_LPL.a/^S472,0,1,0,0.454798,0
439,473,leu,bovine_LPL.a/^L473,0,1,56.9638,0.330254,18.8125
440,474,asn,bovine_LPL.a/^N474,0,1,0,0.614279,0
441,475,arg,bovine_LPL.a/^R475,0,1,291.608,0.926957,270.308
442,476,lys,bovine_LPL.a/^K476,0,1,0,0.955511,0
443,477,ser,bovine_LPL.a/^S477,0,1,0,0.955511,0
444,478,gly,bovine_LPL.a/^G478,0,1,0,0.955511,0
